Time,vM,ikr
0.0,-87.97013134822193,-2.638646774396962e-07
0.2644432301811189,-87.97014434401567,-2.6364574407203907e-07
0.5288864603622379,-87.97015732177255,-2.634275917582044e-07
1.234056562577255,-87.97019184319673,-2.628495383854859e-07
1.9392266647922722,-87.9702262509854,-2.6227634423214284e-07
2.644396767007289,-87.97026053595235,-2.6170838662596116e-07
3.3495668692223064,-87.9702946953046,-2.611457580955628e-07
4.852871088758905,-87.97036709572205,-2.59964018408318e-07
8.150237422480881,-87.97052390939476,-2.5745386749988006e-07
11.447603756202858,-87.97067801677844,-2.550531677682969e-07
14.744970089924834,-87.97082945759352,-2.527575112035715e-07
18.04233642364681,-87.97097827284125,-2.505624821836743e-07
20.0,-87.97106540898874,-2.493041394053183e-07
20.000036658509675,-87.96813275323115,-2.465523383969921e-07
20.00007331701935,-87.96520012085833,-2.438005611451269e-07
20.000169704795947,-87.95748933370004,-2.3656530603516889e-07
20.000266092572545,-87.94977869004342,-2.293301980568093e-07
20.000362480349143,-87.94206820171378,-2.220952483071903e-07
20.00045886812574,-87.9343578725463,-2.1486046037063995e-07
20.000667435937753,-87.91767449705308,-1.9920608909806095e-07
20.0011442536797,-87.8795365817238,-1.63420677861884e-07
20.00162107142165,-87.84140257534074,-1.276392353314831e-07
20.002097889163597,-87.80327246074742,-9.186174274587352e-08
20.002574706905545,-87.7651462194075,-5.608818003144751e-08
20.00357217862223,-87.68540103470978,1.8735177027172356e-08
20.00456965033891,-87.6056725486293,9.354160897283886e-08
20.005567122055595,-87.52596059028701,1.68331301423229e-07
20.00656459377228,-87.44626498106571,2.4310444760985137e-07
20.008186924220105,-87.31667911700598,3.6468382651922295e-07
20.009809254667932,-87.18713528981381,4.862207550600738e-07
20.01143158511576,-87.05763276221832,6.077160414403386e-07
20.013053915563585,-86.92817080384432,7.291704900108649e-07
20.014676246011412,-86.79874868950348,8.505849029337908e-07
20.01629857645924,-86.66936569880473,9.71960080612967e-07
20.017920906907065,-86.540021116233,1.0932968216849674e-06
20.019543237354892,-86.41071423128933,1.214595922953198e-06
20.022023599766232,-86.21308969347207,1.3999777686990632e-06
20.024503962177572,-86.01554912875096,1.5852763219175858e-06
20.026984324588913,-85.8180900669694,1.7704944066267259e-06
20.029464687000253,-85.62071006844495,1.9556348359352085e-06
20.03366423758537,-85.28669560051017,2.2689305718936922e-06
20.037863788170487,-84.95288938183958,2.5820252792080223e-06
20.042063338755604,-84.6192801579202,2.8949324398860283e-06
20.04626288934072,-84.28585692761985,3.2076654729746147e-06
20.050462439925838,-83.95260894887033,3.5202377397636624e-06
20.054661990510954,-83.61952574308918,3.832662550713318e-06
20.05886154109607,-83.28659709854158,4.144953173936683e-06
20.06306109168119,-82.95381307315189,4.457122844822322e-06
20.067260642266305,-82.62116399690557,4.769184776716708e-06
20.071460192851422,-82.28864047375588,5.081152172779789e-06
20.07565974343654,-81.95623338297209,5.393038239101584e-06
20.079859294021656,-81.62393387993502,5.704856199108207e-06
20.084058844606773,-81.2917333964004,6.016619309278865e-06
20.08825839519189,-80.95962364023984,6.328340876208406e-06
20.092457945777007,-80.627596594673,6.640034275047431e-06
20.096657496362123,-80.2956445170148,6.951712969343509e-06
20.10085704694724,-79.96375993696405,7.2633905323069535e-06
20.107582169817327,-79.43240561743238,7.762540178001687e-06
20.11086446182559,-79.17311821338208,8.00618617265743e-06
20.114307292687414,-78.90117787245305,8.261779289230017e-06
20.1210324155575,-78.370050287621,8.761166332331746e-06
20.127757538427588,-77.83899813728554,9.260761385227323e-06
20.134482661297675,-77.30799833871924,9.760626473903193e-06
20.14120778416776,-76.77702940461224,1.0260825929636739e-05
20.14793290703785,-76.24607139203508,1.0761426774846192e-05
20.154658029907935,-75.71510584631217,1.1262499145558007e-05
20.161383152778022,-75.18411574085675,1.1764116751129057e-05
20.17287091445477,-74.27698487784218,1.2622458837745444e-05
20.184358676131517,-73.36966783098885,1.3483041075328608e-05
20.195846437808264,-72.46210530608364,1.4346331387450746e-05
20.20733419948501,-71.55424716063408,1.5212855240024665e-05
20.21882196116176,-70.64605140590491,1.6083206694249147e-05
20.230309722838506,-69.73748321430378,1.6958060902046816e-05
20.241797484515253,-68.82851393404576,1.783818824157815e-05
20.253285246192,-67.9191201050628,1.8724470356370998e-05
20.264773007868747,-67.00928247215894,1.961791837744391e-05
20.276260769545495,-66.09898499148238,2.0519693620666127e-05
20.287748531222242,-65.18821382032485,2.143113109561729e-05
20.29923629289899,-64.27695627214436,2.2353766227102123e-05
20.310724054575736,-63.36519971210652,2.3289365254555266e-05
20.322211816252484,-62.45293036244501,2.423995983589358e-05
20.33369957792923,-61.54013197899589,2.5207886453884456e-05
20.345187339605978,-60.626784349358324,2.6195831313822382e-05
20.356675101282725,-59.71286154970293,2.7206881531289832e-05
20.368162862959473,-58.798329881402424,2.8244583537502962e-05
20.37965062463622,-57.883145389586545,2.9313009782777306e-05
20.391138386312967,-56.96725084236184,3.0416835006433838e-05
20.402626147989714,-56.0505720210899,3.1561423576013536e-05
20.41411390966646,-55.13301313836213,3.2752929693933005e-05
20.42560167134321,-54.21445116070416,3.399841264500158e-05
20.437089433019956,-53.294728767166646,3.530596974143745e-05
20.448577194696703,-52.3736456255573,3.6684890292458573e-05
20.46006495637345,-51.450947593202486,3.8145834521240694e-05
20.471552718050198,-50.526313426267166,3.97010430556771e-05
20.483040479726945,-49.599338456176305,4.136458310092805e-05
20.494528241403692,-48.66951468128974,4.3152640560646886e-05
20.5,-48.22544790392932,4.4053403175517304e-05
20.500136720145864,-48.225278810257066,4.406441159946036e-05
20.50027344029173,-48.22510917778355,4.4075420925935153e-05
20.500647025773343,-48.224642971464675,4.410550824485621e-05
20.50102061125496,-48.2241731708068,4.413560167859716e-05
20.501394196736573,-48.22369946431822,4.416570171337822e-05
20.501767782218188,-48.22322173869129,4.4195808537933254e-05
20.502529052783537,-48.222235601565586,4.425717989001916e-05
20.50394076659398,-48.220361509132324,4.4371065313582016e-05
20.505352480404426,-48.21842792144853,4.448505274997804e-05
20.507481335438207,-48.21539796949058,4.465714264712102e-05
20.50961019047199,-48.21222871546109,4.482947640657844e-05
20.51173904550577,-48.20891745224433,4.500206200580267e-05
20.51386790053955,-48.20546145580306,4.517490759574291e-05
20.519409262118952,-48.19576884884766,4.562609665866986e-05
20.524950623698352,-48.18503380462368,4.6079243287870085e-05
20.530491985277752,-48.17321222154684,4.653449360765205e-05
20.536033346857153,-48.16026090743316,4.69919974305226e-05
20.541574708436553,-48.14613741005596,4.745190857497617e-05
20.547116070015953,-48.13079999579041,4.791438486158386e-05
20.561802639204288,-48.08397558780067,4.915374982325791e-05
20.57201588054438,-48.04582597153889,5.002857755271276e-05
20.582229121884474,-48.00281864181475,5.0915300892008666e-05
20.592442363224567,-47.954725021710054,5.181508042084906e-05
20.60265560456466,-47.901324301932114,5.2729124799101374e-05
20.612868845904753,-47.8424022729507,5.365869185908537e-05
20.623082087244846,-47.77775069256062,5.46050919440868e-05
20.63329532858494,-47.70716663948749,5.556969206554607e-05
20.643508569925032,-47.63045161011898,5.655392030480657e-05
20.659765673583248,-47.49521075612171,5.816478764550788e-05
20.676022777241464,-47.343163097142565,5.9835607475313866e-05
20.69227988089968,-47.173532345544096,6.157331587050547e-05
20.708536984557895,-46.985529312015935,6.338546421611672e-05
20.72479408821611,-46.77833669778097,6.528032530946282e-05
20.741051191874327,-46.55109422890417,6.726701566568546e-05
20.757308295532543,-46.3028826768768,6.935564226524778e-05
20.77356539919076,-46.03270572970326,7.155748243263948e-05
20.789822502848974,-45.73946983245862,7.388520271899322e-05
20.80607960650719,-45.42196222274884,7.635312349221432e-05
20.822336710165406,-45.07882671624699,7.897754049797472e-05
20.83859381382362,-44.70853634374479,8.177711965827789e-05
20.854850917481837,-44.309361960431914,8.477338577223586e-05
20.871108021140053,-43.879336027129504,8.799133136928687e-05
20.88736512479827,-43.4162105911424,9.146018072174327e-05
20.903622228456484,-42.91740814895307,9.521435678846498e-05
20.9198793321147,-42.379963741755056,9.929471634979886e-05
20.936136435772916,-41.800456132304035,0.00010375014435311467
20.95239353943113,-41.174926852810735,0.00010863962428997162
20.968650643089347,-40.49878277466894,0.00011403497033681567
20.984907746747563,-39.76667976868737,0.00012002446756801833
21.00116485040578,-38.97238567377188,0.00012671776055831423
21.013080466803356,-38.34654728813191,0.00013214879789542514
21.024996083200932,-37.68013180684506,0.00013809743263929855
21.03691169959851,-36.96945265069502,0.00014464332966511567
21.048827315996085,-36.21036994332993,0.00015188268921583286
21.060742932393662,-35.3982360629568,0.00015993255713826047
21.07265854879124,-34.52783770018643,0.00016893649585582687
21.084574165188815,-33.59333789956865,0.00017907203781956826
21.096489781586392,-32.58822272881689,0.00019056055973304238
21.10840539798397,-31.5052542749587,0.0002036805185324787
21.120321014381545,-30.33644519481012,0.00021878529476988305
21.12870568449279,-29.4578450053867,0.00023084301575391296
21.137090354604034,-28.529179394548542,0.0002442996156715943
21.145475024715278,-27.547045172547342,0.0002593896937438596
21.153859694826522,-26.50791788555125,0.00027639624154230855
21.162244364937767,-25.408197868766237,0.00029566187706865594
21.17062903504901,-24.244273751691473,0.0003176027232735364
21.17684634870755,-23.33766252152233,0.000335894022573487
21.183063662366088,-22.392414510790896,0.0003561767780105364
21.189280976024627,-21.407230126217286,0.0003787336997522415
21.195498289683165,-20.380927997684996,0.0004038909662319183
21.201715603341704,-19.31248499078073,0.0004320237444660653
21.207932917000242,-18.201081930236647,0.00046356154848391516
21.21415023065878,-17.046153907407554,0.0004989927609289041
21.22036754431732,-15.847444723674613,0.0005388675724684984
21.22658485797586,-14.605065122154105,0.0005837984470140492
21.232802171634397,-13.319553813315936,0.0006344570971015644
21.239019485292935,-11.99193956745859,0.0006915669842606798
21.245236798951474,-10.623802204525914,0.0007558906273548492
21.249741285220786,-9.608478586238785,0.0008074446064257446
21.254245771490098,-8.57406553216127,0.0008634949760026772
21.25875025775941,-7.521800098655233,0.0009243341467760944
21.26325474402872,-6.453116885100447,0.0009902430771171285
21.266569459617582,-5.657164980821928,0.0010421358137563878
21.269884175206442,-4.853927890625082,0.0010970141898131963
21.273198890795303,-4.0441883869725475,0.0011549671972704925
21.276513606384164,-3.2287886012494815,0.0012160745237439394
21.279828321973024,-2.4086287372500426,0.0012804054653795395
21.283143037561885,-1.5846650829584548,0.0013480179344830538
21.286457753150746,-0.7579073760561887,0.0014189576054555047
21.289772468739606,0.07058458614271693,0.0014932572227497908
21.293087184328467,0.8997051086819502,0.0015709360895136276
21.296401899917328,1.7283075969030768,0.001651999740981976
21.29971661550619,2.555210363776515,0.0017364398155812844
21.30303133109505,3.379203181980156,0.0018242341383914971
21.30634604668391,4.199054529347451,0.001915347024830737
21.30966076227277,5.013519476235878,0.002009729803793878
21.31297547786163,5.821348134403663,0.0021073215534563325
21.31629019345049,6.621294555549177,0.002208050038551583
21.319604909039352,7.412125952078566,0.0023118328325145857
21.322919624628213,8.192632106287414,0.0024185786009720263
21.326234340217074,8.961634825216853,0.0025281885161703554
21.329549055805934,9.717997286591995,0.00264055776647721
21.332863771394795,10.460633113336913,0.0027555771213778777
21.336178486983655,11.18851501382863,0.002873134510194561
21.339493202572516,11.900682830652734,0.0029931165721174486
21.342807918161377,12.596250849889564,0.0031154101363784596
21.346122633750237,13.274414223504001,0.003239903593250859
21.346438259442536,13.338054208470549,0.003251868520132584
21.346753885134834,13.401529229066004,0.0032638523111214175
21.34749825967164,13.550572731945781,0.003292189172032482
21.348242634208443,13.698688208605077,0.003320629246554514
21.348987008745247,13.845868574195215,0.003349171346194079
21.34973138328205,13.992106979610515,0.003377814293891278
21.350475757818856,14.137396813329326,0.003406556924488356
21.35122013235566,14.281731703740537,0.003435398085133766
21.351964506892465,14.425105520843406,0.0034643366356862655
21.35270888142927,14.567512377175705,0.0034933714491279994
21.353453255966073,14.708946628563861,0.003522501411955784
21.354197630502878,14.849402875023586,0.003551725424530958
21.354942005039682,14.988875961643451,0.003581042401394289
21.355686379576486,15.127360979213105,0.0036104512715588485
21.35643075411329,15.264853264584724,0.00363995097878361
21.357175128650095,15.401348400887532,0.003669540481822642
21.3579195031869,15.536842217651312,0.003699218754646389
21.358663877723703,15.671330790799994,0.003728984786636296
21.359408252260508,15.804810442470357,0.0037588375827554755
21.360152626797312,15.93727774065864,0.0037887761636962915
21.360897001334116,16.06872949872131,0.0038187995660042893
21.362308634554406,16.315215501327568,0.0038759655849152645
21.363720267774696,16.558021224625204,0.00393342695252828
21.367182734068525,17.137908520947768,0.004075581568590739
21.370645200362354,17.695438007245663,0.004219392366168939
21.374107666656183,18.23058190766528,0.004364782020558988
21.377570132950012,18.743416044517794,0.0045116802861664305
21.38103259924384,19.234113705111824,0.004660023602716295
21.38449506553767,19.702938830152263,0.00480975452262608
21.3879575318315,20.15023853154494,0.004960821063293787
21.39141999812533,20.576435057907606,0.0051131760399811535
21.394882464419158,20.98201740192354,0.005266776399422954
21.398344930712987,21.367532747798087,0.005421582566865148
21.401807397006817,21.73357792908046,0.005577557822874027
21.405269863300646,22.080791039774077,0.00573466772694458
21.408732329594475,22.409843321397656,0.005892879600667627
21.412194795888304,22.721431430376615,0.006052162077482789
21.415657262182133,23.016270170436385,0.006212484721458487
21.419119728475962,23.295085754046795,0.006373817714464236
21.42258219476979,23.558609637146347,0.006536131608935584
21.42604466106362,23.807572953397056,0.0066993971417410245
21.42950712735745,24.042701558369334,0.0068635851033709136
21.43296959365128,24.26471168036902,0.007028666255834269
21.43643205994511,24.47430619491545,0.0071946112904258015
21.439894526238938,24.67217133009778,0.007361390828114306
21.443356992532767,24.858974115503123,0.007528975436053362
21.446819458826596,25.0353602241303,0.007697335671588752
21.450281925120425,25.20195225981136,0.00786644214334798
21.453744391414254,25.359348473571213,0.008036265582706963
21.457206857708083,25.508121867954536,0.008206776920995907
21.460669324001913,25.648819638488582,0.008377947369276465
21.464131790295742,25.781962906147108,0.008549748498047294
21.46759425658957,25.90804670173025,0.008722152314500535
21.4710567228834,26.02754016729256,0.00889513133534795
21.47451918917723,26.140886941737747,0.009068658653759038
21.47798165547106,26.248505699483857,0.00924270799945762
21.483323498861886,26.40420930290176,0.009512193700889062
21.488665342252713,26.54855108566036,0.009782770701939352
21.49400718564354,26.682744094697494,0.010054353113237371
21.499349029034367,26.807883744988725,0.01032685967808411
21.504690872425194,26.92495658002342,0.010600213807635131
21.51003271581602,27.03484840608896,0.01087434370292113
21.515374559206847,27.13835227844362,0.011149182411017679
21.52401895587336,27.29409336733624,0.011595282500489636
21.53266335253987,27.437522497892928,0.01204283899086778
21.541307749206382,27.570779834871747,0.012491642573359005
21.549952145872894,27.69562840748233,0.012941510702852828
21.558596542539405,27.813515148921216,0.013392285213882667
21.567240939205917,27.925623474434477,0.013843829839725093
21.575885335872428,28.032918510062984,0.014296027664764505
21.58452973253894,28.136185715185235,0.014748778664368422
21.59317412920545,28.23606313770927,0.015201997496666154
21.601818525871963,28.333068085340763,0.015655611551268184
21.610462922538474,28.42761922180503,0.016109559194763173
21.619107319204986,28.520054903928877,0.016563788188534597
21.627751715871497,28.61064829395261,0.017018254296666528
21.63639611253801,28.699619710713026,0.01747292008921965
21.64504050920452,28.787146700880044,0.017927753916030544
21.65368490587103,28.873372262136886,0.018382729020346628
21.662329302537543,28.958411545570005,0.018837822775537024
21.670973699204055,29.042357291275174,0.019293016036151373
21.679618095870566,29.125284223229436,0.019748292590664067
21.688262492537078,29.20725260471397,0.020203638699097127
21.69690688920359,29.288311124866937,0.02065904269911211
21.7055512858701,29.368499192741247,0.02111449468172717
21.714195682536612,29.447848807472823,0.02156998621401492
21.722840079203124,29.526386076004894,0.02202551010346979
21.735851202256427,29.64311095689197,0.022711190148664684
21.74886232530973,29.75810077806126,0.023396912561993412
21.761873448363033,29.871400073611877,0.02408266353431332
21.774884571416337,29.98304372168535,0.02476843208979264
21.78789569446964,30.093059539573314,0.025454209615687454
21.800906817522943,30.201470560148593,0.026139989363764445
21.820450880837083,30.36134243475789,0.027170094996535207
21.839994944151222,30.51769724426787,0.028200180930447225
21.85953900746536,30.67058913391185,0.0292302386012377
21.8790830707795,30.820068451671524,0.03026026351324006
21.89862713409364,30.96618301855766,0.031290254774836886
21.91817119740778,31.10897994298019,0.03232021428894896
21.93771526072192,31.248506778160916,0.03335014608348455
21.95725932403606,31.384811485279222,0.034380056100771494
21.9768033873502,31.517942004289182,0.03540995218235302
21.996347450664338,31.64794621024382,0.03643984390228082
22.015891513978477,31.774872165765203,0.03746974225607632
22.035435577292617,31.898768216293053,0.03849965941599741
22.054979640606756,32.01968282115038,0.039529608627115596
22.074523703920896,32.137664357636396,0.04055960413766524
22.094067767235035,32.25276106682249,0.041589661069269215
22.113611830549175,32.3650210755048,0.04261979525234559
22.133155893863314,32.47449236886405,0.04365002309584802
22.152699957177454,32.581222699704696,0.04468036150479198
22.172244020491593,32.685259502773974,0.045710827807516265
22.191788083805733,32.78664985292214,0.04674143966672138
22.211332147119872,32.885440444729305,0.047772214985368044
22.230876210434012,32.98167755707124,0.04880317183049488
22.25042027374815,33.07540700635808,0.04983432837363153
22.26996433706229,33.1666741050779,0.05086570283647999
22.28950840037643,33.25552363260137,0.05189731343607807
22.30905246369057,33.34199981419213,0.05292917833141702
22.32859652700471,33.42614629910832,0.0539613155776187
22.34814059031885,33.50800613803583,0.05499374308733352
22.36768465363299,33.587621764188796,0.05602647859566904
22.404576518659816,33.73193703995955,0.0579767971956917
22.42740308753818,33.8174213709207,0.05918417377388547
22.450229656416546,33.90007011374378,0.06039206522721519
22.47305622529491,33.979945585072315,0.0616004976022542
22.495882794173276,34.05710887368532,0.06280949630935304
22.51870936305164,34.13161984041021,0.06401908608548657
22.541535931930007,34.203537126373334,0.06522929095709126
22.56436250080837,34.27291816393345,0.06644013420731755
22.587189069686737,34.33981918743126,0.06765163834999594
22.610015638565102,34.4042952455186,0.06886382510801549
22.632842207443467,34.46640021650484,0.07007671539387911
22.655668776321832,34.52618682617066,0.07129032929228331
22.678495345200197,34.583706666554114,0.07250468604576611
22.701321914078562,34.63901021519516,0.07371980404356028
22.745861290736112,34.740724055736216,0.0760930090844722
22.790400667393662,34.83454225831805,0.07846929895429795
22.82312954238048,34.898648252228845,0.08021749779919918
22.8558584173673,34.958804854705974,0.08196745939445085
22.88858729235412,35.01513806687996,0.08371921849753232
22.92131616734094,35.06776997504942,0.08547280618864882
22.95404504232776,35.11681887990277,0.08722824990270281
22.98677391731458,35.16239942603528,0.08898557346861494
23.0195027923014,35.20462272801764,0.09074479715661787
23.05223166728822,35.24359649147395,0.09250593773344304
23.084960542275038,35.27942513004146,0.09426900852406594
23.117689417261857,35.3122098790819,0.09603401947865628
23.150418292248677,35.34204890586996,0.09780097724419315
23.183147167235497,35.36903741558214,0.09956988524062596
23.215876042222316,35.39326775289188,0.10134074374122609
23.248604917209136,35.41482949943918,0.10311354995647819
23.281333792195955,35.433809567432895,0.10488829812091226
23.314062667182775,35.45029228943706,0.10666497958250018
23.346791542169594,35.464359504339946,0.10844358289433587
23.39744365229062,35.4815528251428,0.11119995336750742
23.448095762411644,35.49343373167646,0.1139608277402422
23.498747872532668,35.5002730070476,0.11672612728776047
23.549399982653693,35.502329331257855,0.11949576005359858
23.600052092774717,35.49984985525327,0.12226962173562854
23.650704202895742,35.493070744134634,0.12504759655450903
23.701356313016767,35.482217690371336,0.12782955810574434
23.75200842313779,35.46750639496499,0.13061537020524194
23.802660533258816,35.44914301834384,0.1334048877267307
23.85331264337984,35.42732460552388,0.13619795742087268
23.903964753500865,35.40223948915713,0.13899441870869145
23.95461686362189,35.3740676720593,0.1417941044481036
24.005268973742915,35.342981190092196,0.14459684167418768
24.05592108386394,35.309144456736405,0.14740245231197066
24.106573193984964,35.27271459107313,0.15021075385915195
24.15722530410599,35.23384173067927,0.15302156003689243
24.207877414227013,35.19266933049441,0.15583468140816764
24.284480886851902,35.126336947496995,0.16009306254798666
24.36108435947679,35.055504810441874,0.16435562703171772
24.43768783210168,34.980590699284754,0.1686216959276105
24.51429130472657,34.901984324417256,0.17289058741182775
24.59089477735146,34.820049115572886,0.1771616201365545
24.667498249976347,34.73512392156518,0.1814341161621863
24.744101722601236,34.647524621540505,0.1857074034988268
24.820705195226125,34.557545633188674,0.18998081835748723
24.897308667851014,34.46546132789905,0.194253707121059
24.973912140475903,34.37152736150203,0.19852542803325934
25.050515613100792,34.27598193014445,0.20279535260721432
25.12711908572568,34.17904695450092,0.20706286678154814
25.20372255835057,34.080929192815724,0.21132737185932424
25.28032603097546,33.98182128528216,0.21558828525360024
25.356929503600348,33.88190273412384,0.21984504105421387
25.433532976225237,33.781340823212126,0.22409709043201495
25.510136448850126,33.68029147968983,0.2283439019013257
25.586739921475015,33.57890007954894,0.2325849614616403
25.663343394099904,33.47730219935149,0.23681977263648596
25.739946866724793,33.375624316497245,0.24104785642487664
25.816550339349682,33.273984459177456,0.2452687511841133
25.89315381197457,33.172492812698714,0.2494820124421264
25.96975728459946,33.071252278663394,0.2536872126716187
26.04636075722435,32.97035898957175,0.2578839410360871
26.162025572430085,32.818874051181126,0.26420372576427636
26.277690387635822,32.668668504431324,0.2705020123838572
26.39335520284156,32.519999340867756,0.2767775936104088
26.509020018047295,32.37309880265208,0.2830293410943877
26.62468483325303,32.22817662596578,0.289256203439309
26.740349648458768,32.085422016897816,0.29545720407995296
26.856014463664504,31.945005364030013,0.301631439198884
26.97167927887024,31.807079674524655,0.3077780759350584
27.087344094075977,31.671781768610803,0.3138963508777595
27.203008909281714,31.53923329314084,0.3199855686819773
27.31867372448745,31.40954159887392,0.3260451007015714
27.434338539693186,31.282800503851032,0.33207438363635183
27.550003354898923,31.159090961060134,0.33807291819639873
27.66566817010466,31.038481654773936,0.344040267738796
27.781332985310396,30.921029550995993,0.34997605681203553
27.961879138942024,30.744108987954295,0.3591776724984851
28.14242529257365,30.575112209399776,0.36830071518779545
28.32297144620528,30.41410322495753,0.3773445878548667
28.503517599836908,30.261091944341324,0.3863089987814876
28.684063753468536,30.11603896502427,0.3951939396294537
28.864609907100164,29.97886057312865,0.40399966117446295
29.04515606073179,29.84943380714275,0.4127266477740277
29.22570221436342,29.72760143232559,0.42137559168220695
29.406248367995047,29.613176779454296,0.42994736764303276
29.586794521626675,29.505948432589634,0.4384430079118875
29.767340675258303,29.405684706301756,0.4468636780730977
29.94788682888993,29.312137825260233,0.4552106541976222
30.12843298252156,29.225047748514218,0.46348530172708335
30.308979136153187,29.144145626066976,0.47168905619711937
30.489525289784815,29.069156894667596,0.4798234057874639
30.670071443416443,28.999804016756155,0.4878898757025521
30.85061759704807,28.935808866049804,0.49589001439372193
31.0311637506797,28.87689477386243,0.5038253815719067
31.211709904311327,28.822788261843296,0.511697537887131
31.392256057942955,28.773220490474916,0.5195080361262482
31.664086646373352,28.706574245738356,0.5311546185405575
31.93591723480375,28.64875392366648,0.5426700644284622
32.20774782323414,28.598932180100824,0.5540593760583734
32.47957841166454,28.556325455539305,0.5653273826872979
32.75140900009494,28.520195609532664,0.5764787251872354
33.023239588525335,28.489850827875323,0.5875178442285304
33.29507017695573,28.464645710187185,0.5984489730005627
33.56690076538613,28.443980407584338,0.6092761358089013
33.83873135381653,28.42729907160055,0.6200031510493104
34.110561942246925,28.414088005363087,0.6306336360075773
34.38239253067732,28.403873686600377,0.641171012469911
34.65422311910772,28.39622065313674,0.6516185134318927
34.92605370753812,28.39072925731401,0.661979191020952
35.197884295968514,28.387033379862686,0.6722559250427632
35.46971488439891,28.38479819551794,0.68245143150837
35.74154547282931,28.383718018203258,0.6925682709883865
36.013376061259706,28.38351421636995,0.70260885692204
36.2852066496901,28.383933208533865,0.7125754638320229
36.5570372381205,28.38474456477578,0.722470235237791
36.974434140907775,28.38628074084122,0.7375284539684505
37.39183104369505,28.387586043621663,0.7524288187695953
37.80922794648232,28.388088356493434,0.7671775299739925
38.2266248492696,28.38730011533561,0.7817802526649397
38.64402175205687,28.38480795989711,0.796242162692235
39.06141865484415,28.380263420942192,0.8105679907088613
39.47881555763142,28.373374591691935,0.8247620634902845
39.896212460418695,28.363898811989287,0.838828340744846
40.31360936320597,28.351636294707934,0.8527704474201572
40.731006265993244,28.336424547793758,0.8665917027642952
41.14840316878052,28.318133460411552,0.8802951470562238
41.56580007156779,28.29666097408677,0.8938835661095547
41.98319697435507,28.271929290159242,0.9073595133996898
42.40059387714234,28.243881562801324,0.9207253299196326
42.817990779929616,28.212479014914262,0.9339831621172358
43.23538768271689,28.177698414175705,0.9471349782499847
43.652784585504165,28.139529860373912,0.9601825833280296
44.07018148829144,28.09797484986376,0.973127632708739
44.48757839107871,28.05304458810411,0.985971644423502
44.90497529386599,28.004758519384016,0.9987160103793672
45.32237219665326,27.953143043063413,1.011362006588972
45.95022434033888,27.869304257851937,1.0302014989284818
46.57807648402449,27.77813592975567,1.0488246072488123
47.20592862771011,27.679785966991318,1.0672344615803524
47.83378077139572,27.574415722920488,1.0854338000447936
48.46163291508134,27.462196019513083,1.103425011135066
49.089485058766954,27.343303645343966,1.1212101749579972
49.71733720245257,27.217918449563868,1.1387911005866063
50.345189346138184,27.08622115605341,1.156169356731203
50.9730414898238,26.948391727837464,1.1733462972480653
51.600893633509415,26.80460803616712,1.1903230842877266
52.22874577719503,26.655044745375317,1.20710070979289
52.856597920880645,26.49987244231846,1.2236800144803348
53.48445006456626,26.33925701085165,1.24006170397211
54.112302208251876,26.17335918611857,1.2562463627792102
54.74015435193749,26.002334221738693,1.2722344668951089
55.368006495623106,25.82633164586062,1.2880263951543562
55.99585863930872,25.64549510639033,1.3036224392115685
56.62371078299434,25.45996229652945,1.3190228121900063
57.25156292667995,25.26986493793448,1.3342276562747029
57.87941507036557,25.075328801229855,1.3492370494864698
58.840295091602194,24.76928254972524,1.3718293616340238
59.80117511283882,24.45352243527523,1.39396375931977
60.762055134075446,24.128420654821074,1.4156398269112718
61.72293515531207,23.794319338871645,1.4368569253741144
62.6838151765487,23.451531682522067,1.4576142167111736
63.644695197785325,23.10034287583603,1.4779106852024624
64.60557521902194,22.74101104011667,1.4977451534248265
65.56645524025856,22.373768286389897,1.5171162924780401
66.52733526149518,21.998821738790447,1.5360226287137395
67.4882152827318,21.616354376357634,1.5544625485979542
68.44909530396842,21.22652573697058,1.5724343009791548
69.40997532520504,20.829472573066464,1.5899359958001436
70.37085534644166,20.42530945256747,1.6069655996564938
71.33173536767828,20.01412926173627,1.623520928942456
72.2926153889149,19.596003609556462,1.639599640593347
73.25349541015152,19.170983131506908,1.6551992202735049
74.21437543138813,18.739097657337567,1.6703169682079166
75.17525545262475,18.300356266565675,1.6849499824606675
76.13613547386137,17.854747343153548,1.6990951388722795
77.09701549509799,17.40223860833011,1.7127490678849695
78.05789551633461,16.94277668454844,1.7259081308672668
79.01877553757123,16.47628670461226,1.7385683920574218
79.97965555880785,16.002671883115212,1.7507255867284355
80.64078061799265,15.672606707003702,1.7587957037861068
81.10082137181541,15.440885577122014,1.76426860003642
81.56086212563818,15.207465845383979,1.769623772453959
81.8512981214616,15.05921916001529,1.7729437450010748
82.14173411728501,14.910283998997835,1.776216402446217
82.43217011310843,14.76065599529632,1.7794415838827529
82.63874649842218,14.65380724871019,1.7817065519635258
82.84532288373593,14.54660474621805,1.7839473561416934
83.06539224417418,14.432009923466785,1.7863078684903702
83.21547582926637,14.353627042756358,1.7879018871167884
83.36555941435856,14.275056678470008,1.7894830543758125
83.51564299945075,14.196298923377501,1.7910513439475244
83.66572658454294,14.11735393867991,1.792606729270233
83.81581016963513,14.0382218875342,1.7941491837481922
83.96589375472732,13.958902856149246,1.7956786809576983
84.11597733981951,13.87939678768039,1.7971951947808322
84.2660609249117,13.799703434808912,1.7986986994599459
84.41614451000389,13.719822345945456,1.800189169549166
84.56622809509608,13.639752880461005,1.8016665797929377
84.71631168018827,13.559494236679537,1.8031309049842306
84.86639526528046,13.47904547987307,1.804582119836859
85.01647885037265,13.398405566897988,1.806020198878625
85.16656243546484,13.317573368612964,1.8074451163610679
85.31664602055703,13.236547689879648,1.8088568461850463
85.46672960564922,13.155327285250218,1.8102553618443389
85.7177505491319,13.0190440890604,1.8125648293927186
85.9687714926146,12.882206340358154,1.8148371270263677
86.21979243609728,12.744807637839147,1.8170721216410923
86.47081337957997,12.606841399707948,1.8192696760026361
86.72183432306265,12.468300863136232,1.8214296486231842
86.97285526654534,12.329179101682753,1.8235518936153905
87.22387621002802,12.189469039299546,1.82563626056372
87.47489715351071,12.049163443930599,1.8276825944250927
87.7259180969934,11.908254911135376,1.8296907354305592
88.1921647152927,11.644905205098537,1.8333187425033928
88.65841133359201,11.379398757374098,1.8368133142226633
89.12465795189132,11.111682873505286,1.8401732875401215
89.59090457019063,10.84170231403952,1.8433974339796249
90.05715118848994,10.569399069013805,1.8464844560169589
90.52339780678925,10.294712122986205,1.8494329830738212
90.98964442508856,10.01757721033818,1.8522415670870391
91.72621880054452,9.574606013157942,1.8563896307625103
92.46279317600047,9.125067705704023,1.8601780935459409
93.19936755145643,8.668648514844156,1.8635998578748665
93.93594192691239,8.205004089494658,1.8666471466235215
94.67251630236835,7.73375514568712,1.8693114186166797
95.40909067782431,7.254482883356989,1.8715832714625
96.14566505328027,6.766723938948498,1.8734523292921288
96.88223942873623,6.269964584664901,1.874907112008169
97.36962926233016,5.936035965289231,1.875635827356563
97.8570190959241,5.597737485199935,1.8761735808583915
98.18115188323154,5.370241947774665,1.8764233655714369
98.50528467053897,5.140667837154331,1.8765854353532252
98.8294174578464,4.908951787518071,1.8766583722948837
99.15355024515384,4.67502736535934,1.8766406872696357
99.47768303246127,4.438824934882659,1.8765308158721392
99.8018158197687,4.200271529739401,1.8763271142320666
100.12594860707614,3.9592907228668097,1.8760278546444176
100.45008139438357,3.715802495191264,1.8756312210210175
100.77421418169101,3.469723110805506,1.8751353042231265
101.09834696899844,3.220965005569674,1.8745380973391386
101.42247975630588,2.969436690845633,1.8738374909403195
101.74661254361331,2.7150426720016343,1.8730312683356927
102.07074533092074,2.4576833859017664,1.8721171008857305
102.39487811822818,2.1972551663661646,1.8710925434820533
102.71901090553561,1.9336502446817363,1.8699550303006962
103.04314369284305,1.6667567884585146,1.8687018709175964
103.36727648015048,1.3964589852851468,1.8673302469099178
103.59316400136531,1.2060125752235378,1.8663027563811028
103.81905152258014,1.0138131975250289,1.8652152657448082
104.04493904379497,0.8198184904383965,1.8640667073830628
104.2708265650098,0.6239853303680618,1.862855982182188
104.49671408622463,0.4262698964043255,1.8615819596713017
104.72260160743946,0.2266277484617798,1.8602434783654274
104.94848912865429,0.025013915904980973,1.8588393462996855
105.17437664986912,-0.17861700247588919,1.8573683417766167
105.33608730331738,-0.3256586676996894,1.8562734972455994
105.49779795676565,-0.47377434931213863,1.8551432729419324
105.65950861021392,-0.6229809038445675,1.8539771945140582
105.82121926366219,-0.7732951799919907,1.8527747810394366
105.98292991711045,-0.9247339864003056,1.8515355454174829
106.14464057055872,-1.0773140562705024,1.850258994822063
106.30635122400699,-1.2310520105349867,1.8489446311974096
106.46806187745526,-1.385964319361795,1.847591951801486
106.62977253090352,-1.5420672600963112,1.8462004498190037
106.79148318435179,-1.6993768715361046,1.8447696150484472
106.90921851426786,-1.8146760732472758,1.8437028427995115
107.02695384418394,-1.9306292273294536,1.8426147508803126
107.14468917410001,-2.0472421996343515,1.8415051403678433
107.26242450401608,-2.1645207401718634,1.840373812184751
107.38015983393215,-2.2824704716836806,1.8392205672980455
107.49789516384823,-2.401096878289935,1.8380452069237387
107.6156304937643,-2.520405293460716,1.836847532745766
107.73336582368037,-2.640400887088975,1.8356273471521796
107.85110115359645,-2.761088652585159,1.8343844534785883
107.96883648351252,-2.8824733944589136,1.8331186562534432
108.08657181342859,-3.0045597154145596,1.831829761456274
108.20060604158935,-3.123481140107995,1.830559182827626
108.31464026975011,-3.2430686232872254,1.829266582682533
108.42867449791088,-3.3633257320533896,1.8279517901187452
108.54270872607164,-3.48425580757724,1.8266146365151716
108.6567429542324,-3.605861952706744,1.8252549558017606
108.77077718239316,-3.728147019865905,1.823872584732343
108.88481141055392,-3.8511135991482814,1.8224673631617578
108.99884563871468,-3.974764006376457,1.8210391343299905
109.11287986687545,-4.099100270981079,1.8195877451550608
109.22691409503621,-4.22412412383731,1.8181130465329214
109.34094832319697,-4.349836985330032,1.8166148936409228
109.55544741665432,-4.588174169130144,1.8137328196151734
109.76994651011167,-4.828956862891865,1.8107663829461758
109.98444560356901,-5.072184719773592,1.8077147669438136
110.19894469702636,-5.317852713003282,1.8045772309992463
110.41344379048371,-5.565950899451678,1.801353118122466
110.62794288394106,-5.816464229941384,1.7980418620177863
110.84244197739841,-6.06937238793556,1.794642993921608
111.05694107085576,-6.324649654003755,1.7911561492057477
111.2714401643131,-6.582264803076449,1.7875810736029238
111.48593925777045,-6.842181041543588,1.7839176289006882
111.7004383512278,-7.104355987910418,1.7801657979930987
111.91493744468515,-7.368741698448432,1.7763256892100328
112.1294365381425,-7.63528473857378,1.772397539852909
112.34393563159985,-7.9039263004506495,1.768381718868111
112.66929424523701,-8.31527085291455,1.7621242163040125
112.99465285887418,-8.731050120721838,1.7556685310661544
113.32001147251134,-9.150994580669789,1.7490177120097905
113.6453700861485,-9.574812998999622,1.7421754971881553
113.97072869978567,-10.00219555464818,1.7351462839048455
114.29608731342283,-10.432817080074829,1.7279350900849622
114.62144592706,-10.866340494478681,1.720547506264278
114.94680454069716,-11.30242046599449,1.7129896377762663
115.27216315433432,-11.740707161276006,1.705268039191337
115.59752176797149,-12.18084989655445,1.6973896440784608
115.92288038160865,-12.6225005917596,1.6893616922798806
116.24823899524581,-13.06531699934836,1.6811916560030087
116.57359760888298,-13.508965671393378,1.6728871661582825
116.89895622252014,-13.953124602359432,1.6644559407876551
117.2243148361573,-14.397485497918309,1.6559057172730347
117.54967344979447,-14.841755656226605,1.6472441894547476
117.87503206343163,-15.28565946700669,1.6384789504377584
118.2003906770688,-15.728939532309159,1.6296174418037808
118.52574929070596,-16.171357414929094,1.6206669098190951
118.85110790434312,-16.612694033879613,1.611634368903465
119.17646651798029,-17.05274974574224,1.6025265721797823
119.50182513161745,-17.491344104131098,1.5933499896674481
119.82718374525462,-17.928315388695474,1.5841107927790739
120.15254235889178,-18.363519921652028,1.5748148449884303
120.47790097252894,-18.7968311822342,1.565467698608926
120.8032595861661,-19.228138767162974,1.556074596857025
121.12861819980327,-19.657347336880534,1.5466404785522179
121.45397681344043,-20.08437517554891,1.53716999241964
121.7793354270776,-20.509153094581624,1.5276675071297425
122.10469404071476,-20.931623305691584,1.5181371238516406
122.43005265435193,-21.351738123967888,1.5085826938665796
122.75541126798909,-21.769458716580374,1.499007837006719
123.08076988162625,-22.184754017192137,1.4894159583832152
123.40612849526342,-22.597599756784287,1.479810264101439
123.62589378471647,-22.875063136351116,1.4733157593149473
123.84565907416952,-23.15139607363278,1.4668172219669735
124.06542436362257,-23.426595139539387,1.460315507363671
124.28518965307562,-23.700657761760155,1.4538114394473975
124.50495494252867,-23.97358214000343,1.4473058124744846
124.72472023198172,-24.24536715156055,1.440799392932699
124.94448552143477,-24.516012277200836,1.434292921093396
125.16425081088782,-24.78551755716628,1.4277871119932337
125.38401610034087,-25.053883545017637,1.4212826564809653
125.60378138979392,-25.321111240341278,1.4147802227097817
125.82354667924697,-25.587202051590133,1.408280457047049
126.04331196870002,-25.85215777914321,1.4017839845887365
126.26307725815307,-26.11598059160816,1.395291409815373
126.48284254760613,-26.378672992082507,1.3888033174575238
126.70260783705918,-26.64023779125123,1.3823202732310618
126.92237312651223,-26.90067810731187,1.3758428240336442
127.14213841596528,-27.15999736241363,1.3693714982099063
127.36190370541833,-27.418199254066163,1.362906806324601
127.58166899487138,-27.675287744498117,1.3564492415740605
127.80143428432443,-27.931267070559578,1.3499992797783833
128.0211995737775,-28.186141747790053,1.3435573794879723
128.24096486323054,-28.439916560257434,1.337123982377679
128.4607301526836,-28.692596549742863,1.3306995136539657
128.68049544213665,-28.94418701726173,1.3242843822089572
128.9002607315897,-29.194693530375563,1.3178789806530067
129.12002602104275,-29.44412192406576,1.3114836854758938
129.3397913104958,-29.69247829565296,1.3050988573282367
129.55955659994885,-29.93976900218885,1.298724841251067
129.7793218894019,-30.186000662372965,1.2923619668109527
129.99908717885495,-30.431180157834135,1.286010548246259
130.218852468308,-30.675314630859233,1.2796708846849274
130.43861775776105,-30.918411481033925,1.2733432603836436
130.6583830472141,-31.160478363211105,1.2670279449388007
130.87814833666715,-31.401523185746104,1.260725193491032
131.0979136261202,-31.641554107186575,1.2544352469607558
131.31767891557325,-31.88057953169613,1.2481583323092011
131.5374442050263,-32.11860810440135,1.2418946628004972
131.75720949447935,-32.35564870667396,1.2356444382646032
131.9769747839324,-32.59171045058307,1.2294078453769117
132.19674007338546,-32.826802672424996,1.2231850579564778
132.4165053628385,-33.06093492585324,1.2169762372720994
132.75242554044183,-33.416982717541885,1.207513128201848
133.08834571804516,-33.77084624348231,1.1980834754602518
133.4242658956485,-34.12256231302431,1.1886876956415529
133.76018607325182,-34.47216869360501,1.179326146038937
134.09610625085514,-34.81970402985635,1.1699991276567951
134.43202642845847,-35.165207759994196,1.1607068882672698
134.7679466060618,-35.508720027663784,1.1514496255471796
135.10386678366513,-35.85028158872649,1.142227490304548
135.43978696126845,-36.1899337154632,1.1330405897412275
135.77570713887178,-36.527718100376475,1.1238889907035887
136.1116273164751,-36.863676759219274,1.114772722926355
136.44754749407844,-37.19785193242646,1.1056917822843813
136.78346767168176,-37.53028598609399,1.096646134026493
137.1193878492851,-37.86102131444732,1.0876357159489858
137.6421827897917,-38.372467693391435,1.0736826074557289
138.1649777302983,-38.88006073963586,1.0598141886824048
138.6877726708049,-39.3839573509203,1.046029935719698
139.2105676113115,-39.88431189250117,1.0323292509049453
139.7333625518181,-40.381275522178555,1.0187114852661394
140.2561574923247,-40.874995605006376,1.0051759585323845
140.7789524328313,-41.36561520979251,0.9917219768833241
141.3017473733379,-41.853272705443764,0.9783488480895579
141.8245423138445,-42.33810148393129,0.9650558935130986
142.3473372543511,-42.820229810981495,0.9518424569671049
142.8701321948577,-43.29978078619146,0.9387079108439533
143.3929271353643,-43.776872435821126,0.9256516590767597
143.9157220758709,-44.251617913914906,0.9126731374966145
144.4385170163775,-44.72412580652429,0.8997718117407463
144.9613119568841,-45.19450053065687,0.8869471729328852
145.4841068973907,-45.66284280705185,0.8741987316219647
146.0069018378973,-46.12925021055562,0.8615260099613186
146.37094891109507,-46.45293969723423,0.8527458586842366
146.73499598429285,-46.7757686034151,0.8440020313732496
147.09904305749063,-47.09776810091326,0.8352943625833871
147.4630901306884,-47.41896911996201,0.8266226819875476
147.8271372038862,-47.73940246345045,0.8179868125618872
148.19118427708398,-48.059098915322465,0.8093865688903565
148.55523135028176,-48.378089340488714,0.8008217556443697
148.91927842347954,-48.69640478358266,0.7922921660925181
149.28332549667732,-49.01407656846747,0.7837975806033549
149.6473725698751,-49.331136392877376,0.775337765253863
150.01141964307288,-49.647616414968354,0.7669124706080517
150.37546671627067,-49.9635493343059,0.7585214306158778
150.73951378946845,-50.27896846940572,0.7501643615910092
151.10356086266623,-50.59390782998149,0.7418409613038387
151.467607935864,-50.90840218174542,0.7335509082315185
151.8316550090618,-51.22248710453202,0.7252938609490399
152.19570208225957,-51.53619904540036,0.7170694576282673
152.55974915545735,-51.84957536647663,0.7088773156489437
152.92379622865514,-52.16265438637776,0.7007170313432404
153.28784330185292,-52.47547541539524,0.6925881798690775
153.6518903750507,-52.788078785623796,0.6844903151880329
154.21529016527654,-53.27153194497839,0.6720180375311116
154.7786899555024,-53.75472162797432,0.6596170207791547
155.34208974572823,-54.23781251452203,0.6472853174907955
155.90548953595408,-54.72097558954372,0.6350208668011781
156.46888932617992,-55.20438813883323,0.6228214996070093
157.03228911640576,-55.68823369814739,0.6106849446201812
157.5956889066316,-56.17270195318987,0.5986088353094925
158.15908869685745,-56.657988582327306,0.5865907178553899
158.7224884870833,-57.1442950391602,0.5746280601388548
159.28588827730914,-57.631828275389516,0.5627182617215293
159.84928806753499,-58.12080040144425,0.5508586648278035
160.41268785776083,-58.61142827634781,0.5390465664464367
160.97608764798667,-59.10393301440905,0.5272792317339211
161.53948743821252,-59.59853939579458,0.5155539089024718
162.10288722843836,-60.09547516726264,0.5038678457797976
162.6662870186642,-60.59497021536369,0.4922183082885882
163.22968680889005,-61.09725558938234,0.48060260117007214
163.7930865991159,-61.60256234821868,0.4690180913134919
164.35648638934174,-62.11112020289217,0.45746223407805214
164.91988617956758,-62.62315592194654,0.445932603049305
165.48328596979343,-63.13889146197269,0.4344269237347539
166.04668576001927,-63.65854178154879,0.42294311174161714
166.61008555024512,-64.18231229307865,0.4114793160122626
167.17348534047096,-64.71039590274107,0.40003396772917293
167.7368851306968,-65.24296958553845,0.3886058355152321
168.30028492092265,-65.7801904404558,0.3771940875440549
168.8636847111485,-66.32219116978308,0.3657983611439736
169.42708450137434,-66.86907492864614,0.35441884039627203
169.99048429160018,-67.42090948426046,0.34305634228678455
170.55388408182603,-67.97772070820464,0.3317124105270516
171.11728387205187,-68.53948526871505,0.32038941873648685
171.68068366227772,-69.10612260437406,0.30909068105068666
172.24408345250356,-69.67748618000525,0.2978205695888275
172.8074832427294,-70.25335424072738,0.28658463468304884
173.37088303295525,-70.83341992336673,0.2753897297050325
173.9342828231811,-71.41728118914327,0.26424413246082784
174.3215838606768,-71.82059056304462,0.2566158872380853
174.59796120305165,-72.10923563603687,0.2511914435851275
174.8743385454265,-72.3984944482979,0.24578449302491326
175.15071588780134,-72.6882802088435,0.24039657467908324
175.42709323017618,-72.97849864606584,0.23502933005503832
175.70347057255103,-73.26904783799314,0.22968450385323605
175.97984791492587,-73.55981807306031,0.2243639442273333
176.2562252573007,-73.85069173361073,0.21906960263054262
176.53260259967556,-74.14154321894316,0.21380353299296748
176.8089799420504,-74.43223892371472,0.20856788999587975
177.08535728442524,-74.72263727673403,0.2033649263826295
177.3617346268001,-75.01258883759155,0.1981969893664589
177.63811196917493,-75.30193645575326,0.1930665160838109
177.91448931154977,-75.59051549848557,0.1879760280169477
178.1165987539187,-75.80096252752229,0.18428025874759915
178.31870819628764,-76.0108372970355,0.1806083013720347
178.52081763865658,-76.22006844944906,0.17696121445974
178.72292708102552,-76.42858288798749,0.1733400726518191
178.92503652339445,-76.63630589767483,0.1697459644565079
179.1271459657634,-76.8431612715799,0.16617998999001962
179.32925540813233,-77.0490714568938,0.16264325844207927
179.4766527918239,-77.19859955664211,0.16008301803549735
179.6240501755155,-77.34755220000966,0.15753935821101706
179.77144755920708,-77.49589825013601,0.15501271332074074
179.91884494289866,-77.64360635747094,0.15250351749605293
180.06624232659024,-77.79064500642332,0.15001220390696676
180.21363971028183,-77.93698255531154,0.1475392041300219
180.3610370939734,-78.08258727363976,0.14508494756298568
180.508434477665,-78.2274273900265,0.14264986068552968
180.65583186135657,-78.37147114518355,0.1402343662519115
180.80322924504816,-78.51468683480459,0.13783888264347705
180.95062662873974,-78.65704285322676,0.1354638232167097
181.09802401243132,-78.79850774318098,0.13310959556762664
181.2454213961229,-78.93905025095958,0.13077660072366767
181.3928187798145,-79.07863937430241,0.12846523245303437
181.49317516900075,-79.17311821339973,0.12690409613609974
181.54021616350607,-79.21724441104925,0.12617587657064977
181.68761354719766,-79.35483500783324,0.1239089102516707
181.83501093088924,-79.49138121295948,0.12166470129123595
181.98240831458082,-79.62685352968917,0.11944360736707363
182.1298056982724,-79.76122296339527,0.1172459754014316
182.277203081964,-79.89446106843437,0.11507214093518793
182.42460046565557,-80.02653999551382,0.11292242750265132
182.57199784934716,-80.15743253999197,0.11079714600072714
182.71939523303874,-80.28711219078767,0.10869659405735446
182.94477062590522,-80.48299311859518,0.10553323693022502
183.1701460187717,-80.6758898091966,0.10242930423524725
183.39552141163819,-80.86571829608582,0.09938566280933714
183.62089680450467,-81.05239953079618,0.09640309343210277
183.84627219737115,-81.23585969358616,0.09348228735649161
184.07164759023763,-81.41603045104146,0.09062384368689004
184.2970229831041,-81.59284917570635,0.08782826737140662
184.5223983759706,-81.76625913659451,0.08509596767007198
184.74777376883708,-81.93620965913576,0.08242725711092222
184.97314916170356,-82.10265625027343,0.07982235098595078
185.19852455457004,-82.26556068567632,0.07728136741967413
185.42389994743652,-82.42489105979496,0.07480432798861228
185.649275340303,-82.58062179830402,0.07239115888698794
185.8746507331695,-82.73273363756672,0.0700416925620409
186.10002612603597,-82.88121356459615,0.06775566990060207
186.25717524311418,-82.98259221358249,0.06619903857160829
186.41432436019238,-83.08220101890494,0.06467294277043253
186.5714734772706,-83.18004080772693,0.06317721980847943
186.7286225943488,-83.27611378421521,0.061711687806096954
186.885771711427,-83.37042350312122,0.060276146264816276
187.0429208285052,-83.46297483806812,0.05887037670836734
187.2000699455834,-83.5537739408053,0.05749414344335347
187.3572190626616,-83.64282820400268,0.05614719426392859
187.51436817973982,-83.73014622275245,0.054829261167717386
187.67151729681802,-83.81573775327425,0.053540061103355824
187.82866641389623,-83.89961367047928,0.0522792967263489
188.07026644880625,-84.02524544983122,0.05039575070690249
188.31186648371627,-84.14689880922897,0.04857748995670779
188.5534665186263,-84.26462719623774,0.046823262809161895
188.79506655353632,-84.37848896432082,0.04513176040396012
189.03666658844634,-84.48854694415083,0.0435016236026124
189.27826662335636,-84.59486803554039,0.04193144950891404
189.51986665826638,-84.69752279719567,0.04041979790633227
189.7614666931764,-84.79658503338922,0.03896519762380214
190.00306672808642,-84.89213138610883,0.037566152715073686
190.24466676299645,-84.98424093877779,0.036221148372451425
190.48626679790647,-85.07299483442965,0.0349286565404407
190.7278668328165,-85.15847590870511,0.03368714122910074
190.9694668677265,-85.24076833941821,0.03249506350888098
191.21106690263653,-85.3199573126899,0.03135088619236215
191.45266693754655,-85.3961287087285,0.030253078167950437
191.69426697245657,-85.4693688046157,0.029200118426383686
191.9358670073666,-85.5397640005585,0.028190499701454763
192.17746704227662,-85.60740055867012,0.027222731874433897
192.33799804099397,-85.6508584072727,0.02660211833548205
192.49852903971131,-85.69316133890645,0.025998906338014584
192.65906003842866,-85.73433426570091,0.02541267499634463
192.819591037146,-85.77440193886471,0.024843008426977998
192.98012203586336,-85.81338892357726,0.024289496045206544
193.1406530345807,-85.8513195780196,0.023751732804256066
193.25239816576706,-85.87711222502584,0.023386482489531218
193.36414329695342,-85.90241279085689,0.02302853689728312
193.47588842813977,-85.92722928083295,0.02267776452909535
193.60271697461621,-85.95481907113522,0.022288171059320534
193.72954552109266,-85.98180702636392,0.02190746266355578
193.8563740675691,-86.00820454304298,0.02153545402203291
193.98320261404555,-86.03402289961399,0.02117196236285506
194.110031160522,-86.05927325342626,0.020816807485722337
194.30180950303296,-86.09640011677789,0.020295215962789628
194.4935878455439,-86.13229096641876,0.019791679126811193
194.68536618805487,-86.16698273593593,0.019305607787553494
194.87714453056583,-86.20051163055564,0.018836426996676852
195.0689228730768,-86.23291311468199,0.018383576071824132
195.26070121558774,-86.26422190598551,0.0179465085369034
195.4524795580987,-86.29447197558352,0.017524691985329174
195.64425790060966,-86.32369652931033,0.01711760817800229
195.83603624312062,-86.35192801671249,0.016724752794595277
196.02781458563157,-86.379198125116,0.016345635371131647
196.21959292814253,-86.40553776385767,0.015979779357920568
196.4113712706535,-86.43097707881803,0.015626721802522434
196.60314961316445,-86.45554545624233,0.015286013167115442
196.7949279556754,-86.4792715162179,0.014957217273411046
196.98670629818636,-86.50218311533092,0.014639911134813518
197.17848464069732,-86.52430736949403,0.01433368454420087
197.37026298320828,-86.5456706427534,0.014038140079162407
197.56204132571924,-86.56629856918101,0.013752892705245915
197.7538196682302,-86.58621605615943,0.01347756960836
197.94559801074115,-86.60544729849592,0.013211809897910879
198.1373763532521,-86.62401578093716,0.012955264452364506
198.32915469576307,-86.64194428955507,0.01270759565951975
198.52093303827402,-86.65925493932608,0.01246847696593116
198.71271138078498,-86.67596916833756,0.012237592829655435
198.90448972329594,-86.69210776375185,0.012014638294948721
199.0962680658069,-86.70769086960227,0.011799318787658533
199.28804640831785,-86.72273800383881,0.011591349803184504
199.4798247508288,-86.73726806047246,0.011390456773861711
199.67160309333977,-86.75129933735874,0.011196374635570059
199.86338143585073,-86.76484954568947,0.011008847614583565
200.05515977836168,-86.77793582326714,0.010827628972375198
200.24693812087264,-86.7905747484282,0.01065248074574894
200.4387164633836,-86.80278235771246,0.01048317344635315
200.63049480589456,-86.81457415013504,0.010319485919516595
200.82227314840551,-86.82596511308589,0.010161204953717685
201.01405149091647,-86.83696973174473,0.010008125085693256
201.20582983342743,-86.84760200461409,0.009860048337167523
201.3976081759384,-86.85787544881589,0.009716784072534011
201.58938651844934,-86.8678031243426,0.009578148640511461
201.7811648609603,-86.87739764361794,0.009443965188608303
201.97294320347126,-86.88667118647068,0.009314063417938107
202.16472154598222,-86.89563550627778,0.00918827944161554
202.35649988849318,-86.904301947471,0.009066455515639974
202.54827823100413,-86.91268145851913,0.008948439824481496
202.7400565735151,-86.92078460384256,0.0088340862813966
203.03326399357857,-86.93266200106164,0.008666016471182552
203.32647141364205,-86.94395181120123,0.008505702719707518
203.61967883370554,-86.9546870872453,0.008352692916275783
204.21417385781476,-86.97487650933631,0.008063167794942596
204.6187620915078,-86.98750909663254,0.00788063800742683
205.02335032520082,-86.99932469468528,0.007708782829042955
205.42793855889386,-87.01038577458411,0.007546764534226932
205.8325267925869,-87.02075027393161,0.0073938107271980125
206.45735777393526,-87.03551216490837,0.007173763640601721
207.08218875528362,-87.04892027872786,0.006971279232173094
207.707019736632,-87.06113345152917,0.006784283957216044
208.33185071798036,-87.07229177294684,0.0066109625839696744
208.95668169932873,-87.08251909867424,0.006449722738950939
209.5815126806771,-87.09192490983757,0.00629916769322736
210.20634366202546,-87.100605739817,0.006158074705893866
210.83117464337383,-87.1086465756756,0.006025374514241618
212.1687163858896,-87.12404333261017,0.00576533625668897
213.5062581284054,-87.13744416919805,0.005532124864777379
214.84379987092117,-87.14931187168895,0.005320083027978363
216.18134161343696,-87.15999991793748,0.005124939720386388
217.51888335595274,-87.16977698245147,0.004943476867886768
218.85642509846852,-87.17884654413115,0.004773270034905358
220.1939668409843,-87.18736315224653,0.004612482012922733
221.53150858350008,-87.1954448028494,0.0044597090833076915
222.86905032601587,-87.20318161707867,0.004313872992396965
224.20659206853165,-87.21064213771714,0.004174142731953583
225.54413381104743,-87.21787838878286,0.004039873540142602
226.8816755535632,-87.22492999938376,0.003910558981797513
228.219217296079,-87.23182730452582,0.003785795543056244
229.55675903859478,-87.23859354402023,0.0036652575152219704
230.89430078111056,-87.2452464803457,0.0035486786156258008
232.23184252362634,-87.25179970303887,0.0034358376212469113
233.56938426614212,-87.25826365914219,0.0033265473287983575
234.56000841020028,-87.26299837837635,0.003247796317538046
235.55063255425844,-87.26769124246277,0.003170845643112716
236.5412566983166,-87.2723444204269,0.003095642049911567
237.53188084237476,-87.27695971727655,0.003022136412441936
238.52250498643292,-87.28153866282867,0.0029502829037843805
239.51312913049108,-87.28608253279785,0.002880038688501951
240.50375327454924,-87.29059242841981,0.0028113632339350947
241.4943774186074,-87.29506924028281,0.0027442184483351542
242.48500156266556,-87.2995137973841,0.002678567574201692
243.18508926555026,-87.30263575058231,0.0026330530858521524
243.68692142287026,-87.30486399427548,0.0026008696180526724
244.18875358019025,-87.30708430343105,0.0025690502477720327
244.69058573751025,-87.30929677441094,0.0025375905865913538
245.19241789483024,-87.31150145155716,0.00250648663185216
245.69425005215024,-87.31369838281462,0.0024757344013178043
246.19608220947023,-87.31588760212217,0.0024453300447037966
246.69791436679023,-87.31806921655048,0.0024152692937301013
247.19974652411022,-87.32024323626624,0.0023855485363614005
247.56958456070439,-87.3218405943134,0.0023638605039915297
247.838943010329,-87.32300143166026,0.00234817868049065
248.1083014599536,-87.32416012549179,0.002332592250394662
248.3776599095782,-87.32531667035406,0.0023171007174023926
248.6470183592028,-87.32647107049173,0.0023017035282026617
248.9163768088274,-87.32762333735991,0.0022864000886812135
249.185735258452,-87.32877348037879,0.0022711898207805952
249.45509370807662,-87.32992150401253,0.0022560721799122926
249.72445215770122,-87.33106741195903,0.002241046629163434
249.99381060732583,-87.33221121004249,0.002226112621838235
250.26316905695043,-87.33335290509622,0.002211269608352736
250.53252750657504,-87.33449250321775,0.002196517046721336
251.04808254567635,-87.3366678793564,0.0021685307783189025
251.56363758477767,-87.33883563026282,0.002140870205467735
252.07919262387898,-87.34099579017006,0.002113531671672461
252.5947476629803,-87.34314839421152,0.002086511554807597
253.5963836173805,-87.34730906876122,0.002034912898085475
255.25342353764697,-87.35413052272959,0.0019520921128464489
256.9104634579134,-87.36087598477691,0.0018723403240617318
258.5675033781799,-87.36754644104181,0.0017955485460696334
260.22454329844635,-87.37414280845722,0.0017216118765290436
261.8815832187128,-87.38066595873755,0.0016504292116608058
263.5386231389793,-87.38711673889732,0.0015819030022930804
265.19566305924576,-87.39349597763109,0.0015159390977581076
266.85270297951223,-87.39980448436064,0.0014524466330482358
269.9328943346665,-87.41134581076763,0.0013406929112304991
273.0130856898208,-87.42265038746194,0.0012366422462859355
276.0932770449751,-87.43372298906317,0.0011397929119433708
279.17346840012937,-87.44456826294724,0.001049674903621065
282.25365975528365,-87.45519074470108,0.0009658478983751939
285.33385111043793,-87.46559486336693,0.0008878994132910501
288.4140424655922,-87.47578494771352,0.0008154430784629295
291.4942338207465,-87.48576523462901,0.0007481169981865814
294.5744251759008,-87.49553987633473,0.0006855822129265614
299.2593814878174,-87.51002193008522,0.0005989446718339646
303.944337799734,-87.52405161615098,0.0005216331986873351
308.6292941116506,-87.53764252574538,0.00045271686234963385
313.3142504235672,-87.55080787938553,0.00039135366774846383
317.9992067354838,-87.5635605419991,0.00033678229492311836
322.68416304740043,-87.57591304020026,0.00028831457910108844
327.36911935931704,-87.58787757402489,0.00024532869134063226
332.05407567123365,-87.5994660287328,0.00020726294422156896
336.73903198315026,-87.61068997918808,0.00017361017791501653
341.42398829506686,-87.62156070107028,0.00014391264252522874
346.10894460698347,-87.63208917162785,0.00011775736583889813
350.7939009189001,-87.64228608386114,9.477192112328913e-05
355.4788572308167,-87.65216183932043,7.462061772414805e-05
360.1638135427333,-87.661726570273,5.7000995725025696e-05
364.8487698546499,-87.67099011836336,4.164070528197139e-05
368.287853544162,-87.6776040833745,3.165999741413823e-05
371.72693723367405,-87.68406462815983,2.267571646164746e-05
375.1660209231861,-87.69037537842847,1.460607741756027e-05
378.6051046126982,-87.69653985870806,7.375482431008699e-06
382.0441883022103,-87.70256155037009,9.140148908596828e-07
385.48327199172235,-87.70844383783255,-4.84291051738466e-06
388.00476645913676,-87.71267002233773,-8.65090197318499e-06
389.80755437025573,-87.71564749293985,-1.1173265324897344e-05
391.1191221442153,-87.71779085127167,-1.290845091531834e-05
392.43068991817483,-87.71991518855368,-1.4562695176743987e-05
393.7422576921344,-87.72202067994684,-1.6138744309000942e-05
395.05382546609394,-87.72410750128262,-1.7639263422144698e-05
396.3653932400535,-87.72617582545811,-1.9066835696248253e-05
397.67696101401305,-87.7282258221144,-2.0423964515116163e-05
398.9885287879726,-87.73025765987059,-2.1713077633991704e-05
401.4066279319717,-87.73395666121857,-2.3919338784503017e-05
403.82472707597077,-87.73759555010827,-2.591648616001471e-05
406.24282621996986,-87.74117535120754,-2.771785804178791e-05
408.66092536396894,-87.74469707048397,-2.9336045646153617e-05
413.0702157820627,-87.75097248315464,-3.185371736056983e-05
417.47950620015644,-87.75706392486762,-3.3867844107262637e-05
421.8887966182502,-87.76297709269517,-3.5438173434254515e-05
426.29808703634393,-87.76871751727485,-3.661837615248799e-05
430.7073774544377,-87.77429056434346,-3.7456618160242946e-05
435.1166678725314,-87.7797014373933,-3.799608365187229e-05
439.52595829062517,-87.78495518202217,-3.827545221526765e-05
447.61966054897636,-87.79420621474249,-3.8223915747069954e-05
455.71336280732754,-87.80297316409768,-3.7593177968885936e-05
463.8070650656787,-87.81128335795934,-3.653160483498123e-05
471.9007673240299,-87.81916256703164,-3.515880858871724e-05
479.9944695823811,-87.82663509925543,-3.357056938346036e-05
488.0881718407323,-87.83372387949112,-3.1843056208633586e-05
496.1818740990835,-87.84045050583047,-3.0036399616190353e-05
504.27557635743466,-87.84683530712041,-2.8197614553725306e-05
512.3692786157859,-87.8528974175769,-2.63629766997339e-05
528.4352392709582,-87.86404454102804,-2.283514493027608e-05
538.7899319006698,-87.87065309974335,-2.069278011510814e-05
549.1446245303814,-87.87684762516227,-1.867940654456399e-05
559.499317160093,-87.88265698384359,-1.6806355313949766e-05
569.8540097898046,-87.8881078661682,-1.5078204621116943e-05
580.2087024195163,-87.89322496122341,-1.349456158710194e-05
590.5633950492279,-87.89803111792934,-1.2051567495336812e-05
600.9180876789395,-87.90254747700466,-1.0743082175106389e-05
611.2727803086511,-87.90679359143273,-9.56151947519483e-06
621.6274729383628,-87.91078755415273,-8.498427640744775e-06
631.9821655680744,-87.91454612143582,-7.544931535729696e-06
642.336858197786,-87.9180848168825,-6.692083477446086e-06
652.6915508274976,-87.92141802016269,-5.9311176142067646e-06
663.0462434572092,-87.92455905515813,-5.2536114497605385e-06
679.6087226590329,-87.92921414827876,-4.3237547350451645e-06
696.1712018608565,-87.93345482116678,-3.55731322434207e-06
712.7336810626801,-87.93732183501322,-2.927845723426664e-06
729.2961602645038,-87.94085146593025,-2.4124230015206236e-06
745.8586394663274,-87.94407599782407,-1.9915103808581065e-06
762.421118668151,-87.94702418734343,-1.6486262404866463e-06
778.9835978699747,-87.94972170048635,-1.3699148062183013e-06
795.5460770717983,-87.95219152188966,-1.1437796801052184e-06
812.108556273622,-87.95445423004503,-9.605910348609663e-07
828.6710354754456,-87.95652828989512,-8.124114165277036e-07
845.2335146772692,-87.95843025381971,-6.927205429438366e-07
861.7959938790929,-87.96017506011742,-5.961665888215145e-07
878.3584730809165,-87.9617761216762,-5.183652045609145e-07
894.9209522827401,-87.96324562002758,-4.557391693287198e-07
911.4834314845638,-87.9645944519881,-4.0538031739773076e-07
928.0459106863874,-87.96583263905659,-3.649276615423787e-07
944.608389888211,-87.96696911542952,-3.3246460681817134e-07
961.1708690900347,-87.96801208098476,-3.064373172540919e-07
977.7333482918583,-87.9689688073222,-2.855890778387632e-07
994.2958274936819,-87.96984636782504,-2.689053529862756e-07
1000.0,-87.97013141083171,-2.63970570969672e-07
